frame,time_s,id,class,conf,x1,y1,x2,y2,cx,cy,size,sx,sy,speed,heading
0,0.0,1,car,0.58,1474,618,1729,724,1601,724,164.4080290010193,1585.6666666666667,723.3333333333334,,
2,0.03,1,car,0.53,1464,617,1718,723,1591,723,164.08534364774937,1578.5,723.5,1.45484505646675,178.6677801461307
4,0.07,1,car,0.66,1435,615,1695,723,1565,723,167.5708805252273,1572.6,723.0,1.1776095243622535,-175.15599962491942
6,0.1,1,car,0.66,1425,614,1688,724,1557,724,170.08821240756222,1558.8,721.0,1.45484505646675,-171.75367918553144
8,0.13,1,car,0.7,1420,614,1678,721,1549,721,166.15053415502462,1545.8,718.8,2.050002264548243,-170.39479584498685
10,0.17,1,car,0.69,1407,612,1656,714,1532,714,159.36749982352111,1536.0,716.4,1.5181411627436494,-166.23921488820883
12,0.2,1,car,0.69,1403,611,1650,712,1526,712,157.94619336976754,1525.4,714.2,2.171904920887068,-168.27488798483517
14,0.24,1,car,0.7,1393,612,1638,711,1516,711,155.74016822900893,1515.6,712.8,2.171904920887068,-171.86989764584365
16,0.27,1,car,0.74,1379,612,1628,713,1504,713,158.58436240689053,1507.0,712.8,1.8076603664814284,180.0
18,0.3,1,car,0.74,1374,612,1625,714,1500,714,160.00624987793447,1497.4,713.4,1.8076603664814284,176.42366562500249
20,0.34,1,car,0.82,1363,612,1616,714,1489,714,160.6424601405245,1487.2,714.2,1.8076603664814284,175.51539399045504
22,0.37,1,car,0.83,1350,611,1606,715,1478,715,163.1686244349691,1476.2,714.4,1.8076603664814284,178.95837332399037
24,0.4,1,car,0.77,1339,613,1591,715,1465,715,160.32467059064865,1463.4,714.4,2.0217907110852313,180.0
26,0.44,1,car,0.86,1323,611,1575,714,1449,714,161.10865898517062,1452.0,714.4,2.0217907110852313,180.0
28,0.47,1,car,0.85,1310,612,1562,714,1436,714,160.32467059064865,1440.6,714.2,2.2919558954672348,-178.99491399474618
30,0.5,1,car,0.85,1306,612,1558,714,1432,714,160.32467059064865,1427.4,714.2,2.3658656291779105,180.0
32,0.54,1,car,0.85,1294,611,1548,714,1421,714,161.74671557716403,1415.8,714.4,2.3658656291779105,179.01223960036054
34,0.57,1,car,0.86,1270,610,1528,715,1399,715,164.59040069214242,1404.2,714.6,2.3658656291779105,179.01223960035995
36,0.6,1,car,0.86,1261,610,1520,715,1391,715,164.90906585145646,1390.6,715.0,2.4003932258924237,178.31531568210383
38,0.64,1,car,0.85,1249,610,1508,715,1378,715,164.90906585145646,1378.2,715.6,2.4003932258924237,177.22978420279966
40,0.67,1,car,0.63,1234,610,1494,716,1364,716,166.01204775557707,1367.8,716.0,2.103722923755864,177.79740183823432
42,0.71,1,car,0.63,1229,610,1489,717,1359,717,166.7932852365466,1356.2,716.4,2.103722923755864,178.02506598911813
44,0.74,1,car,0.79,1216,610,1477,717,1347,717,167.11373372646545,1344.4,717.0,2.103722923755864,177.08916217383214
46,0.77,1,car,0.78,1203,610,1464,717,1333,717,167.11373372646545,1332.4,717.4,2.103722923755864,178.09084756700375
48,0.81,1,car,0.64,1188,611,1450,718,1319,718,167.43356891615252,1317.6,717.6,2.2142631487562205,179.2257798350718
50,0.84,1,car,0.77,1174,611,1434,718,1304,718,166.7932852365466,1304.0,717.8,2.372366855283763,179.15747573925987
52,0.87,1,car,0.7,1155,612,1415,718,1285,718,166.01204775557707,1290.6,718.2,2.3995100279996318,178.2901859558581
54,0.91,1,car,0.67,1148,612,1410,718,1279,718,166.64933243190626,1274.2,718.8,2.459777070200176,177.90474743537646
56,0.94,1,car,0.67,1134,612,1397,719,1266,719,167.75279431353744,1258.8,719.6,2.6740209638381787,177.02626891751964
58,0.97,1,car,0.78,1102,612,1373,721,1237,721,171.86913626361192,1243.6,720.8,2.7130166993532887,175.486011541999
60,1.01,1,car,0.77,1090,612,1365,722,1227,722,173.92527130926086,1226.4,722.2,2.6740209638381787,175.34664841273127
62,1.04,1,car,0.73,1070,612,1347,724,1209,724,176.13631085043198,1210.6,723.6,3.0471440183004597,174.93638314697006
64,1.08,1,car,0.77,1053,614,1332,725,1193,725,175.98011251274957,1198.2,724.6,3.0471440183004597,175.38935068133935
66,1.11,1,car,0.77,1047,614,1327,726,1187,726,177.08754896942924,1182.6,726.0,2.9667546535554914,174.8718089581473
68,1.14,1,car,0.82,1034,614,1316,726,1175,726,177.7188791321845,1168.8,727.0,2.6184614969201454,175.8553762588957
70,1.18,1,car,0.74,1007,616,1292,729,1149,729,179.45751586378321,1156.4,728.0,2.6184614969201454,175.38935068133935
72,1.21,1,car,0.74,997,617,1283,729,1140,729,178.97485856957675,1141.8,729.2,2.6184614969201454,175.30131948270042
74,1.24,1,car,0.76,988,616,1274,730,1131,730,180.56577748842665,1128.4,730.6,2.6184614969201454,174.03551289874693
76,1.28,1,car,0.74,970,617,1258,732,1114,732,181.9890106572372,1117.2,731.6,2.5092790391826005,174.89783474764184
78,1.31,1,car,0.73,963,618,1252,733,1108,733,182.30469001098135,1102.4,733.0,2.5092790391826005,174.59620863975036
80,1.34,1,car,0.82,949,619,1237,734,1093,734,181.9890106572372,1087.4,734.4,2.744349631493023,174.66784111834053
82,1.38,1,car,0.81,921,620,1211,736,1066,736,183.412104289766,1072.8,735.8,2.5092790391826005,174.52263127117126
84,1.41,1,car,0.81,911,621,1201,737,1056,737,183.412104289766,1056.0,737.4,2.744349631493023,174.5596679689944
86,1.44,1,car,0.82,896,623,1187,739,1041,739,183.72805991464668,1041.0,738.8,2.744349631493023,174.66784111834053
88,1.48,1,car,0.8,878,624,1170,741,1024,741,184.83506160899236,1028.8,740.2,2.7379493711807648,173.45370921670556
90,1.51,1,car,0.8,872,625,1164,741,1018,741,184.04347312523745,1013.0,742.0,2.7379493711807648,173.50065372034558
92,1.55,1,car,0.83,860,626,1151,743,1005,743,184.51829177618137,998.2,743.6,2.7379493711807648,173.82982490497028
94,1.58,1,car,0.86,830,628,1124,746,977,746,186.257885739101,984.0,745.2,2.5814706326695736,173.57125225117008
96,1.61,1,car,0.86,819,628,1114,747,967,747,187.36328348958875,967.6,747.4,2.5814706326695736,172.35959323897347
98,1.65,1,car,0.88,804,630,1102,749,953,749,188.313568284391,950.6,749.6,2.5814706326695736,172.62623363866965
100,1.68,1,car,0.88,786,631,1086,752,936,752,190.5255888325765,936.2,751.4,2.5814706326695736,172.87498365109838
102,1.71,1,car,0.89,769,631,1071,754,920,754,192.73297590189387,922.8,753.2,2.5814706326695736,172.34934904464038
104,1.75,1,car,0.86,755,632,1056,755,905,755,192.41361698175106,909.8,754.6,2.3932343534067804,173.85337434035344
106,1.78,1,car,0.86,750,632,1050,756,900,756,192.8730152198591,897.2,756.0,2.3008102182830728,173.65980825409017
108,1.81,1,car,0.86,738,632,1037,756,888,756,192.55129186790722,884.8,757.4,2.196230424896703,173.5583999006651
110,1.85,1,car,0.86,722,633,1023,759,873,759,194.74598840540978,872.6,758.8,2.1602524485451364,173.45370921670605
112,1.88,1,car,0.83,708,634,1009,761,858,761,195.51726266496266,858.2,760.4,2.1602524485451364,173.65980825409
114,1.92,1,car,0.78,693,634,995,762,844,762,196.61129163911212,845.2,762.2,2.1602524485451364,172.11686068327
116,1.95,1,car,0.84,678,636,979,764,828,764,196.28550634216475,833.0,763.8,2.0977637412512466,172.52844082340806
118,1.98,1,car,0.84,673,636,973,765,823,765,196.72315572906,821.4,765.2,1.9842146529173679,173.11827636936263
120,2.02,1,car,0.8,663,638,962,767,812,767,196.39501011991115,810.0,766.8,1.9842146529173679,172.01067323360354
122,2.05,1,car,0.81,650,639,950,768,800,768,196.72315572906,799.4,768.6,1.8228427531530673,170.36246188706872
124,2.08,1,car,0.82,637,639,937,770,787,770,198.2422760159901,787.2,770.4,1.9842146529173679,171.60707481260766
126,2.12,1,car,0.85,623,639,927,773,775,773,201.83161298468582,775.2,772.2,1.8228427531530673,171.46923439005155
128,2.15,1,car,0.77,611,641,914,774,762,774,200.74610830598934,764.8,773.8,1.7692756832426169,171.25383773744537
130,2.18,1,car,0.84,601,642,902,776,752,776,200.8332641770282,748.8,775.4,1.8228427531530673,174.2894068625003
132,2.22,1,car,0.84,599,642,897,776,748,776,199.82992768852216,738.8,777.2,1.7692756832426169,169.79602627826793
134,2.25,1,truck,0.4,542,632,871,778,707,778,219.16660329530137,725.0,781.0,1.7692756832426169,164.60445074600503
136,2.29,1,car,0.73,569,641,882,782,725,782,210.07855673533174,718.4,785.4,1.7692756832426169,146.30993247402046
138,2.32,1,car,0.59,522,640,864,793,693,793,228.74877048849902,714.4,791.8,1.265368071446853,122.0053832080836
140,2.35,1,car,0.65,553,645,885,798,719,798,225.37967965191538,719.4,798.4,1.2593306482066626,52.85331330197832
142,2.39,1,car,0.51,560,648,896,808,728,808,231.862027939031,720.2,805.8,1.1975178909150737,83.82982490496985
144,2.42,1,car,0.5,566,649,897,811,732,811,231.56424594483494,726.0,811.8,1.1975178909150737,45.97102193107939
146,2.45,1,car,0.75,562,649,896,819,729,819,238.2855429941145,725.6,817.6,1.1975178909150737,93.94518622903729
148,2.49,1,car,0.84,558,652,885,823,722,823,236.46775678726266,722.8,821.0,0.8368846289687967,129.4724598483447
150,2.52,1,car,0.77,557,654,877,827,717,827,235.28705871764387,719.0,823.8,0.8256198648727737,143.61564818416423
152,2.55,1,car,0.71,563,657,864,825,714,825,224.87329765892613,715.4,826.4,0.6687107391581026,144.16234704572165
154,2.59,1,car,0.71,568,659,857,825,713,825,219.02967835432713,712.6,830.0,0.6291209677287647,127.87498365109758
156,2.62,1,car,0.77,567,660,855,832,711,832,222.5668438918969,710.2,833.6,0.6291209677287647,123.69006752597937
158,2.65,1,car,0.79,563,662,853,841,708,841,227.83766150485306,707.6,837.2,0.6413480503021113,125.83765295427837
160,2.69,1,car,0.77,563,665,846,845,705,845,225.69891448564834,704.4,842.0,0.6413480503021113,123.69006752598041
162,2.72,1,car,0.76,567,667,835,843,701,843,217.18195136797164,701.4,845.8,0.6413480503021136,128.2901631922434
164,2.76,1,car,0.78,564,668,830,849,697,849,219.4219679065886,698.6,849.6,0.6413480503021136,126.38435181583495
166,2.79,1,car,0.78,565,668,826,851,696,851,218.5474776793363,696.2,854.0,0.6582552202307828,118.61045966596511
168,2.82,1,car,0.83,562,670,826,860,694,860,223.9642828667107,694.4,860.2,0.7250986250697743,106.18920625702742
170,2.86,1,car,0.82,561,671,825,867,693,867,227.4730753298069,693.2,864.4,0.7250986250697743,105.94539590092225
172,2.89,1,car,0.8,560,672,823,874,692,874,230.49078072669198,692.0,864.6,0.5301968395138734,170.5376777919726
174,2.92,1,car,0.64,565,673,816,870,691,870,222.36681407080508,691.2,861.8,0.49767873919394634,-105.94539590092162
176,2.96,1,car,0.54,578,674,802,852,690,852,199.67974358957895,690.4,856.0,0.49767873919394634,-97.85331330197896
178,2.99,1,car,0.54,583,675,796,846,690,846,190.84810714282708,689.4,848.4,0.49767873919394634,-97.49585763972985
180,3.02,1,car,0.7,588,675,790,838,689,838,181.45522863781028,688.0,842.2,0.6535542623559991,-102.72435568542231
182,3.06,1,car,0.68,588,677,785,836,687,836,176.98305003587208,686.6,839.8,0.6535542623559991,-120.25643716352792
184,3.09,1,car,0.65,585,678,783,839,684,839,178.54411219639812,685.0,838.8,0.6535542623559991,-147.99461679191688
186,3.13,1,car,0.77,584,678,781,840,683,840,178.64489917151286,683.6,839.4,0.36396598838293137,156.8014094863507
188,3.16,1,car,0.78,583,678,781,841,682,841,179.6496590589584,682.4,840.8,0.3466045482358719,130.601294645006
190,3.19,1,car,0.78,583,678,780,841,682,841,179.1954240487184,681.4,841.6,0.3440547701072394,141.34019174590753
192,3.23,1,car,0.8,582,679,780,843,681,843,180.19988901217448,680.6,842.6,0.2389516583691394,128.6598082540885
194,3.26,1,car,0.81,581,679,777,843,679,843,179.28747864811976,679.8,843.6,0.2380952380952476,128.65980825409247
196,3.29,1,car,0.83,580,680,777,845,679,845,180.29143074478054,679.0,844.8,0.2389516583691394,123.69006752597979
198,3.33,1,car,0.81,580,680,777,846,678,846,180.83694312833316,678.6,845.8,0.2380952380952476,111.80140948635069
200,3.36,1,car,0.81,580,680,776,847,678,847,180.9198717664812,678.6,847.0,0.2218630127608535,90.0
202,3.39,1,car,0.81,580,680,777,848,679,848,181.92306066026924,678.6,848.0,0.2218630127608535,90.0
204,3.43,1,car,0.81,580,680,777,849,679,849,182.4636950190366,678.8,848.6,0.18432811767713664,71.56505117708451
206,3.46,1,car,0.81,580,680,778,850,679,850,183.46661821704785,679.0,849.0,0.14942197902160279,
208,3.49,1,car,0.84,581,681,777,849,679,849,181.46073955542008,679.0,849.2,0.087394425755785,
210,3.53,1,car,0.85,582,681,776,849,679,849,180.53254554234812,679.0,849.2,0.08194189233566643,
212,3.56,1,car,0.84,582,680,776,849,679,849,181.06904760339356,678.8,849.0,0.05195664053239052,
214,3.6,1,car,0.84,582,680,776,849,679,849,181.06904760339356,678.6,849.0,0.03664552829351162,
216,3.63,1,car,0.82,582,680,775,849,678,849,180.60177186284747,678.4,849.0,0.03664552829351162,
218,3.66,1,car,0.82,582,680,775,849,678,849,180.60177186284747,678.2,849.2,0.03681836710861056,
220,3.7,1,car,0.83,582,681,774,849,678,849,179.5995545651492,678.2,849.6,0.05195664053239052,
222,3.73,1,car,0.82,582,681,774,850,678,850,180.13328398716322,678.4,850.0,0.05220375369838508,
224,3.76,1,car,0.83,583,682,775,851,679,851,180.13328398716322,678.6,850.4,0.05537044236528099,
226,3.8,1,car,0.82,582,682,775,851,679,851,180.60177186284747,678.8,850.8,0.06206704080459894,
228,3.83,1,car,0.82,582,682,775,851,679,851,180.60177186284747,679.0,851.2,0.08254138204866429,
230,3.86,1,car,0.82,583,682,774,851,679,851,179.6635744941083,679.0,851.4,0.08254138204866429,
232,3.9,1,car,0.82,583,682,775,852,679,852,180.66543665017943,679.0,851.8,0.06206704080459894,
234,3.93,1,car,0.81,583,682,775,852,679,852,180.66543665017943,679.0,852.2,0.06206704080459894,
236,3.97,1,car,0.83,582,681,776,853,679,853,182.66909974048704,679.0,852.6,0.05537044236528099,
238,4.0,1,car,0.83,582,680,776,853,679,853,183.19934497699495,679.0,852.75,0.05535093034625276,
240,4.03,1,car,0.83,582,680,776,853,679,853,183.19934497699495,679.0,853.0,0.05535093034625276,
0,0.0,2,car,0.57,638,467,738,542,688,542,86.60254037844386,688.3333333333334,542.6666666666666,,
2,0.03,2,car,0.52,638,467,739,543,688,543,87.61278445523804,688.75,542.75,0.16260272288714195,11.309932474026226
4,0.07,2,car,0.54,639,467,740,543,689,543,87.61278445523804,689.0,543.0,0.1317439699041414,
6,0.1,2,car,0.54,639,468,740,543,690,543,87.03447592764606,689.6,543.8,0.16260272288714195,53.13010235415338
8,0.13,2,car,0.51,640,468,741,544,690,544,87.61278445523804,690.4,544.4,0.2715323507940053,36.86989764584663
10,0.17,2,car,0.56,640,468,743,546,691,546,89.63258336118624,691.2,545.2,0.3228326941476781,45.0
12,0.2,2,car,0.56,640,469,744,546,692,546,89.48742928478838,692.0,546.0,0.3804619787008687,45.0
14,0.24,2,car,0.6,641,469,745,547,693,547,90.06664199358161,692.8,546.6,0.3804619787008687,36.86989764584663
16,0.27,2,car,0.73,642,470,745,547,694,547,89.05616205518852,693.4,546.8,0.3228326941476781,18.434948822915498
18,0.3,2,car,0.73,643,470,745,547,694,547,88.6227961644181,693.8,547.4,0.27936884766729014,56.30993247402272
20,0.34,2,car,0.75,643,470,746,547,694,547,89.05616205518852,694.4,548.0,0.26860765467512937,45.0
22,0.37,2,car,0.75,642,470,747,549,694,549,91.0768905925098,695.0,548.8,0.26860765467512937,53.13010235415338
24,0.4,2,car,0.74,643,471,749,550,696,550,91.50956234186677,695.8,549.8,0.26860765467512937,51.3401917459115
26,0.44,2,car,0.8,644,472,750,551,697,551,91.50956234186677,696.6,551.0,0.3742956418071978,56.309932474018964
28,0.47,2,car,0.8,645,474,751,552,698,552,90.92854337335444,697.6,552.0,0.39587992651131443,45.0
30,0.5,2,car,0.8,646,474,751,553,698,553,91.0768905925098,698.6,553.0,0.4793322992042299,45.0
32,0.54,2,car,0.72,647,475,752,554,699,554,91.0768905925098,699.4,554.0,0.4793322992042299,51.3401917459115
34,0.57,2,car,0.63,648,477,753,555,701,555,90.49861877399013,700.2,555.2,0.5175896077745542,56.309932474018964
36,0.6,2,car,0.63,649,478,753,556,701,556,90.06664199358161,701.2,556.6,0.5175896077745552,54.46232220802518
38,0.64,2,car,0.68,649,479,755,558,702,558,91.50956234186677,702.0,558.0,0.5175896077745542,60.25511870305878
40,0.67,2,car,0.61,650,481,756,560,703,560,91.50956234186677,702.6,559.8,0.5278399020150871,71.56505117707691
42,0.71,2,car,0.61,650,481,757,561,703,561,92.52026804976302,703.4,562.0,0.6307022304112072,70.01689347810145
44,0.74,2,car,0.61,649,482,759,564,704,564,94.97368056467013,704.2,564.2,0.6395342525512624,70.01689347809884
46,0.77,2,car,0.61,649,483,761,567,705,567,96.99484522385713,705.0,566.4,0.6944193284588009,70.0168934781005
48,0.81,2,car,0.57,650,485,763,569,706,569,97.4268956705488,706.0,568.8,0.6944193284588009,67.38013505195939
50,0.84,2,car,0.52,650,485,764,571,707,571,99.0151503558925,707.0,570.6,0.707641051592364,60.94539590092378
52,0.87,2,car,0.51,652,487,765,573,708,573,98.57991681879226,708.0,571.8,0.707641051592364,50.194428907733204
54,0.91,2,car,0.54,653,488,765,573,709,573,97.57048734120374,709.0,573.0,0.6844001371068185,50.194428907735876
56,0.94,2,car,0.63,655,489,765,573,710,573,96.12491872558333,709.8,574.0,0.5344348787297858,51.3401917459115
58,0.97,2,car,0.71,655,490,766,575,711,575,97.13392816107047,710.6,574.8,0.4375041683141348,44.99999999999593
60,1.01,2,car,0.71,656,491,767,576,711,576,97.13392816107047,711.4,576.0,0.40023627475562357,56.30993247402272
62,1.04,2,car,0.74,656,491,768,577,712,577,98.14275317108238,712.0,577.2,0.40023627475562357,63.43494882292201
64,1.08,2,car,0.74,657,492,769,579,713,579,98.71170143402453,712.6,578.2,0.3865140237683041,59.03624346792553
66,1.11,2,car,0.74,657,492,769,579,713,579,98.71170143402453,713.6,579.6,0.3865140237683041,54.46232220802518
68,1.14,2,car,0.77,657,493,771,580,714,580,99.58915603618699,714.6,581.0,0.4604092555161479,54.46232220802518
70,1.18,2,car,0.75,659,494,774,583,716,583,101.16817681464859,715.6,582.2,0.4604092555161479,50.194428907735876
72,1.21,2,car,0.75,660,495,775,584,717,584,101.16817681464859,717.0,583.8,0.5809730181983261,48.81407483428921
74,1.24,2,car,0.73,661,496,776,585,718,585,101.16817681464859,718.4,585.2,0.5843410059390365,45.00000000000233
76,1.28,2,car,0.72,662,497,778,587,720,587,102.17631819555841,719.6,586.4,0.5809730181983261,44.99999999999729
78,1.31,2,car,0.72,662,497,779,587,721,587,102.61578825892242,720.8,588.0,0.6523457769893313,53.130102354157934
80,1.34,2,car,0.73,663,498,780,589,722,589,103.18430113151904,722.0,589.6,0.652466910571907,53.130102354155326
82,1.38,2,car,0.61,664,499,783,592,723,592,105.19980988575978,723.0,591.4,0.6523457769893313,60.945395900922236
84,1.41,2,car,0.61,664,499,784,593,724,593,106.20734437881403,724.0,593.6,0.652466910571907,65.55604521958391
86,1.44,2,car,0.69,664,500,785,596,725,596,107.77754868245984,724.8,595.4,0.652466910571907,66.03751102542249
88,1.48,2,car,0.74,665,501,787,598,726,598,108.78419002777932,725.6,597.0,0.6241366033196589,63.434948822920376
90,1.51,2,car,0.74,665,501,787,598,726,598,108.78419002777932,726.6,599.0,0.6241366033196589,63.43494882292201
92,1.55,2,car,0.68,666,502,788,600,727,600,109.34349546269316,727.6,600.6,0.6241366033196589,57.99461679191687
94,1.58,2,car,0.56,668,505,790,603,729,603,109.34349546269316,728.8,602.0,0.5650051694054838,49.39870535499668
96,1.61,2,car,0.56,669,506,791,604,730,604,109.34349546269316,730.2,603.8,0.5650051694054838,52.125016348899294
98,1.65,2,car,0.48,671,508,792,605,732,605,108.33743581975715,731.6,605.8,0.5650051694054838,55.00797980144178
100,1.68,2,car,0.43,671,509,794,607,733,607,109.79070998950685,733.0,607.8,0.5650051694054838,55.00797980144178
102,1.71,2,car,0.49,672,510,797,610,734,610,111.80339887498948,734.2,609.8,0.6951643047898004,59.03624346792553
104,1.75,2,car,0.48,672,511,799,613,736,613,113.81564040148436,735.2,612.0,0.6951643047898004,65.55604521958391
106,1.78,2,car,0.5,672,512,800,614,736,614,114.2628548566856,736.4,614.2,0.7110256072902922,61.389540334036646
108,1.81,2,car,0.58,672,512,802,616,737,616,116.27553482998907,737.8,616.2,0.7149899359276711,55.00797980144178
110,1.85,2,car,0.61,674,514,804,618,739,618,116.27553482998907,739.4,618.0,0.7110256072902922,48.36646066342868
112,1.88,2,car,0.58,676,516,806,620,741,620,116.27553482998907,741.0,619.8,0.6904057445044227,48.36646066342868
116,1.95,2,car,0.48,678,519,809,622,744,622,116.15937327654622,742.4,621.6,0.6904057445044227,52.1250163489033
118,1.98,2,car,0.48,679,519,809,623,744,623,116.27553482998907,743.8,623.8,0.6904057445044227,57.528807709151124
120,2.02,2,car,0.42,677,520,810,625,744,625,118.17360111293893,745.0,626.8,0.6904057445044227,68.19859051364743
124,2.08,2,car,0.53,679,523,813,629,746,629,119.18053532351665,746.4,629.8,0.6904057445044227,64.98310652190034
126,2.12,2,car,0.5,679,526,815,635,747,635,121.75385004179539,751.6,634.6,0.6947073795457124,42.70938995736162
128,2.15,2,car,0.41,683,528,819,637,751,637,121.75385004179539,757.0,639.0,0.7475579352365563,39.1736579704442
142,2.39,2,car,0.65,700,533,839,647,770,647,125.88089608832628,761.4,643.4,0.6947073795457124,45.0
144,2.42,2,car,0.65,702,533,840,647,771,647,125.42726976220123,765.8,647.2,1.4971030624721502,40.81508387488224
146,2.45,2,car,0.63,699,535,838,651,768,651,126.98031343479981,769.2,650.8,1.4971030624721502,46.63657704161523
148,2.49,2,car,0.73,698,535,840,654,769,654,129.99230746471116,768.8,653.2,1.3159730922533932,99.46232220802737
150,2.52,2,car,0.69,697,536,839,655,768,655,129.99230746471116,768.0,656.0,0.7644344956426148,105.94539590092225
152,2.55,2,car,0.74,695,537,840,659,768,659,133.00375934536586,768.6,658.0,0.7644344956426148,73.30075576600578
154,2.59,2,car,0.74,694,537,841,661,767,661,135.01111065390137,769.4,659.6,0.5354320170955689,63.43494882292364
156,2.62,2,car,0.71,698,537,844,661,771,661,134.5511055324333,770.2,661.0,0.48321569986524493,60.25511870305528
158,2.65,2,car,0.73,700,538,846,662,773,662,134.5511055324333,771.2,661.6,0.40411177287922073,30.963756532074484
160,2.69,2,car,0.77,699,538,845,662,772,662,134.5511055324333,772.8,662.0,0.3440308155321899,14.036243467926479
162,2.72,2,car,0.69,700,538,846,662,773,662,134.5511055324333,773.6,662.4,0.3064341693293301,26.565051177074732
164,2.76,2,car,0.73,700,537,849,663,775,663,137.01824696003084,774.4,662.6,0.28890890549340287,14.03624346793031
166,2.79,2,car,0.72,700,536,850,663,775,663,138.02173741842262,775.2,663.0,0.22158301547966083,26.565051177074732
168,2.82,2,car,0.63,701,535,853,663,777,663,139.48476619330157,775.6,663.4,0.22158301547966083,45.0
170,2.86,2,car,0.62,699,536,852,664,776,664,139.9428454762872,775.8,663.6,0.1532170846646693,45.000000000016286
172,2.89,2,car,0.66,699,536,852,664,775,664,139.9428454762872,776.2,664.0,0.13761802716057808,
174,2.92,2,car,0.61,702,540,851,664,776,664,135.92645070036957,776.2,664.4,0.1351845176089792,
176,2.96,2,car,0.65,701,539,853,665,777,665,138.39075113604954,776.4,664.4,0.09558988911272925,
178,2.99,2,car,0.64,701,539,854,665,777,665,138.84523758487362,777.0,664.4,0.09558988911272925,
180,3.02,2,car,0.65,702,541,853,664,777,664,136.2827942184926,777.4,664.4,0.09634555216934182,
182,3.06,2,car,0.61,702,541,854,664,778,664,136.73331708109768,778.2,664.6,0.09634555216934182,
184,3.09,2,car,0.59,702,542,854,664,778,664,136.17635624439362,778.6,664.8,0.10902331756608716,
186,3.13,2,car,0.59,705,544,857,666,781,666,136.17635624439362,779.0,665.2,0.10902331756608716,
188,3.16,2,car,0.6,699,537,859,666,779,666,143.66627996854376,780.0,665.8,0.10902331756608716,
190,3.19,2,car,0.6,697,535,860,666,779,666,146.12665739008744,781.4,666.4,0.1507717984773453,23.19859051364931
192,3.23,2,car,0.55,704,539,863,667,783,667,142.66043600101605,782.6,666.8,0.22166465691622758,18.434948822920383
194,3.26,2,car,0.57,702,534,867,667,785,667,148.13844875656017,784.4,667.4,0.28523786040061494,18.434948822923097
196,3.29,2,car,0.61,703,531,871,668,787,668,151.71025014810306,786.4,668.2,0.371320039545637,21.801409486353496
198,3.33,2,car,0.58,703,530,872,669,788,669,153.26773959317075,787.6,668.8,0.371320039545637,26.56505117707365
200,3.36,2,car,0.6,704,529,874,670,789,670,154.82247898803325,788.4,669.4,0.22641670642586287,36.86989764584663
202,3.39,2,car,0.66,704,528,873,670,789,670,154.91287874156882,789.0,669.8,0.22641670642586287,33.690067525977284
204,3.43,2,car,0.65,704,528,873,670,789,670,154.91287874156882,789.8,670.2,0.21971708108576724,26.565051177084502
206,3.46,2,car,0.69,706,528,875,670,790,670,154.91287874156882,790.4,670.6,0.1568301885765157,33.690067525977284
208,3.49,2,car,0.74,708,528,875,671,792,671,154.53478572800364,791.4,671.2,0.1568301885765157,30.963756532074484
210,3.53,2,car,0.73,708,528,876,672,792,672,155.53777676178865,792.4,672.0,0.1568301885765157,38.6598082540885
212,3.56,2,car,0.72,710,528,878,673,794,673,156.07690412101337,793.2,672.8,0.20666855749658786,44.99999999999593
214,3.6,2,car,0.72,710,528,878,674,794,674,156.61417560361514,793.8,673.6,0.20666855749658786,53.13010235416249
216,3.63,2,car,0.69,710,528,878,674,794,674,156.61417560361514,794.4,674.0,0.20666855749658786,33.690067525977284
218,3.66,2,car,0.69,711,528,879,675,795,675,157.14961024450554,794.4,674.2,0.16073265621051228,90.0
220,3.7,2,car,0.71,712,529,877,674,795,674,154.6770829825802,794.2,674.2,0.15400746598905285,180.0
222,3.73,2,car,0.7,711,529,877,674,794,674,155.145093380358,793.8,674.2,0.08513490737315274,
224,3.76,2,car,0.71,710,529,876,674,793,674,155.145093380358,793.2,674.0,0.08513490737315274,
226,3.8,2,car,0.71,709,529,875,674,792,674,155.145093380358,792.6,674.0,0.08513490737315274,
228,3.83,2,car,0.71,708,529,875,674,792,674,155.61169621850408,792.2,674.0,0.08594105712801434,
230,3.86,2,car,0.71,708,529,875,674,792,674,155.61169621850408,792.0,674.0,0.08594105712801434,
232,3.9,2,car,0.71,708,529,876,674,792,674,156.07690412101337,792.0,674.2,0.08594105712801434,
234,3.93,2,car,0.72,708,530,876,674,792,674,155.53777676178865,792.0,674.4,0.04297052856402002,
236,3.97,2,car,0.7,708,530,876,675,792,675,156.07690412101337,792.2,674.6,0.04297052856402002,
238,4.0,2,car,0.7,708,531,876,675,792,675,155.53777676178865,792.25,674.75,0.04284168111183143,
240,4.03,2,car,0.67,709,532,876,675,793,675,154.53478572800364,792.3333333333334,675.0,0.04284168111183143,
0,0.0,3,car,0.5,585,407,655,465,620,465,63.71812928829596,620.0,465.0,,
2,0.03,3,car,0.45,585,407,655,465,620,465,63.71812928829596,620.0,465.0,0.0,
4,0.07,3,car,0.48,585,407,655,465,620,465,63.71812928829596,620.0,465.0,0.0,
6,0.1,3,car,0.48,585,406,655,465,620,465,64.26507605223851,620.0,465.0,0.0,
8,0.13,3,car,0.51,585,406,655,465,620,465,64.26507605223851,620.2,465.0,0.0,
10,0.17,3,car,0.41,585,407,656,465,620,465,64.17164482853778,620.4,465.0,0.0,
12,0.2,3,car,0.42,585,407,656,465,621,465,64.17164482853778,620.6,465.2,0.07791603306036413,
14,0.24,3,car,0.46,585,407,656,465,621,465,64.17164482853778,620.8,465.6,0.10462747009574788,
16,0.27,3,car,0.47,585,407,656,466,621,466,64.72248450113763,621.0,466.0,0.1469198809070992,
18,0.3,3,car,0.47,585,407,657,467,621,467,65.72670690061993,621.2,466.6,0.1742255464601547,71.56505117707474
20,0.34,3,car,0.48,585,406,658,467,621,467,66.73080248281148,621.6,467.2,0.23230072861353926,56.309932474020215
22,0.37,3,car,0.46,585,407,658,468,622,468,66.73080248281148,622.2,467.6,0.27853931313471186,33.690067525981036
24,0.4,3,car,0.35,587,407,659,468,623,468,66.27216610312357,622.8,467.8,0.31811018572988126,18.43494882292364
26,0.44,3,car,0.43,588,407,659,468,624,468,65.81033353509159,623.4,468.0,0.31811018572988126,18.434948822920383
28,0.47,3,car,0.44,588,407,660,468,624,468,66.27216610312357,623.8,468.2,0.27853931313471186,26.56505117707799
30,0.5,3,car,0.45,589,407,660,468,624,468,65.81033353509159,624.4,468.8,0.31811018572988126,45.0
32,0.54,3,car,0.4,589,407,660,469,624,469,66.34756966159348,625.0,469.8,0.31811018572988126,59.03624346792553
44,0.74,3,car,0.44,590,409,661,471,626,471,66.34756966159348,625.8,471.0,0.238582639297452,56.309932474021466
46,0.77,3,car,0.42,592,411,663,473,627,473,66.34756966159348,626.8,472.4,0.42678959977633574,54.46232220802518
48,0.81,3,car,0.43,593,412,664,474,628,474,66.34756966159348,628.0,473.6,0.4399246499482176,45.0
50,0.84,3,car,0.44,594,412,665,475,629,475,66.88049042882386,628.8,474.4,0.5684060750926194,45.0
52,0.87,3,car,0.43,595,413,665,475,630,475,65.87867636800242,629.4,475.0,0.5684060750926194,45.0
54,0.91,3,car,0.41,596,414,664,475,630,475,64.40496875241847,629.8,475.6,0.5684060750926194,56.30993247402272
56,0.94,3,car,0.42,596,415,664,476,630,476,64.40496875241847,630.0,476.0,0.42630455631950337,63.434948822915494
58,0.97,3,car,0.39,595,414,664,477,630,477,65.93178292750773,630.0,476.4,0.2717169064258248,90.0
60,1.01,3,car,0.39,595,414,665,477,630,477,66.40783086353596,630.0,477.0,0.22769127776960202,90.0
62,1.04,3,car,0.36,595,414,665,477,630,477,66.40783086353596,630.0,477.4,0.22628141110071087,90.0
64,1.08,3,car,0.46,595,414,665,478,630,478,66.93280212272605,630.0,477.8,0.20239224690629373,90.0
66,1.11,3,car,0.46,596,414,665,478,630,478,66.4529909033446,630.2,478.4,0.20239224690629373,71.5650511770731
68,1.14,3,car,0.47,595,415,665,479,630,479,66.93280212272605,630.4,479.0,0.22769127776960202,71.56505117708451
70,1.18,3,car,0.51,596,415,666,480,631,480,67.45368781616021,630.6,479.6,0.23622779563078025,71.56505117707474
72,1.21,3,car,0.5,597,415,666,480,631,480,66.97014260101288,630.6,480.2,0.2988071523335811,90.0
74,1.24,3,car,0.5,596,415,666,481,631,481,67.97058187186572,630.6,480.6,0.2988071523335811,90.0
76,1.28,3,car,0.48,596,416,665,481,630,481,66.97014260101288,630.4,480.8,0.23622779563078025,135.00000000000813
78,1.31,3,car,0.47,595,416,664,481,630,481,66.97014260101288,630.2,481.2,0.22259352109803376,116.56505117707148
80,1.34,3,car,0.46,596,416,665,481,630,481,66.97014260101288,630.0,481.4,0.19909369781053446,135.00000000000813
82,1.38,3,car,0.55,595,417,664,482,630,482,66.97014260101288,629.8,481.8,0.1669451408235642,116.56505117708124
84,1.41,3,car,0.54,595,418,664,482,630,482,66.4529909033446,629.4,482.2,0.1669451408235642,135.0
86,1.44,3,car,0.6,594,418,663,483,629,483,66.97014260101288,628.8,482.6,0.22259352109803376,146.30993247401898
88,1.48,3,car,0.61,593,418,663,483,628,483,67.45368781616021,628.2,483.0,0.26919095102904955,146.3099324740177
90,1.51,3,car,0.62,592,418,663,483,627,483,67.93379129711516,627.8,483.4,0.28156100762662845,135.00000000000813
92,1.55,3,car,0.61,591,418,664,484,627,484,69.4118145563131,627.6,483.8,0.28156100762662845,116.56505117706823
94,1.58,3,car,0.55,592,420,664,484,628,484,67.88225099390856,627.6,484.2,0.26919095102904955,90.0
96,1.61,3,car,0.55,592,420,664,485,628,485,68.41052550594829,628.0,484.8,0.26919095102904955,56.30993247402272
98,1.65,3,car,0.54,592,421,664,485,628,485,67.88225099390856,628.6,485.2,0.2653724462171412,33.690067525977284
100,1.68,3,car,0.49,594,422,665,486,629,486,67.40919818541087,629.0,485.8,0.2653724462171412,56.30993247402272
102,1.71,3,car,0.49,594,423,665,486,630,486,66.88049042882386,629.6,486.2,0.3538299282895196,33.690067525977284
104,1.75,3,car,0.47,595,423,666,487,630,487,67.40919818541087,630.2,486.8,0.3538299282895196,45.0
106,1.78,3,car,0.48,595,423,666,487,631,487,67.40919818541087,630.6,487.2,0.31469300936127004,45.0
108,1.81,3,car,0.49,594,423,667,488,631,488,68.8839603971781,631.0,487.8,0.35409857733283506,56.30993247402272
110,1.85,3,car,0.51,594,424,667,488,631,488,68.35202996254024,632.0,488.4,0.35409857733283506,30.963756532072086
112,1.88,3,car,0.45,595,424,669,489,632,489,69.35416353759881,633.0,489.0,0.35658351011651246,30.963756532074484
116,1.95,3,car,0.35,599,426,671,490,635,490,67.88225099390856,634.2,491.2,0.4325041724133116,61.38954033403375
118,1.98,3,car,0.35,600,426,672,490,636,490,67.88225099390856,635.4,493.6,0.5237576324886937,63.43494882292364
142,2.39,3,car,0.44,598,430,676,499,637,499,73.3621155638249,636.4,495.8,0.5237576324886937,65.55604521958337
144,2.42,3,car,0.45,598,430,676,500,637,500,73.89181280764467,636.8,498.0,0.5687177491817972,79.6951535312345
146,2.45,3,car,0.36,598,431,677,500,637,500,73.83088784512888,637.2,500.2,1.0159957721659036,79.69515353123163
148,2.49,3,car,0.62,598,431,677,501,637,501,74.36396977031282,637.4,500.8,1.0159957721659036,71.56505117708451
150,2.52,3,car,0.6,598,431,677,501,638,501,74.36396977031282,637.6,501.2,0.21415682192537885,63.434948822915494
152,2.55,3,car,0.65,598,431,679,502,638,502,75.83534795858722,638.0,501.8,0.3232346064543955,56.30993247402272
154,2.59,3,car,0.65,598,430,679,502,638,502,76.36753236814714,638.6,502.4,0.2852618479233585,44.99999999999729
156,2.62,3,car,0.55,598,431,679,503,639,503,76.36753236814714,639.0,503.0,0.2852618479233585,56.30993247402272
158,2.65,3,car,0.67,598,431,681,504,640,504,77.83957862167549,639.4,503.6,0.31475429096252233,56.30993247402272
160,2.69,3,car,0.69,599,431,681,504,640,504,77.3692445355388,639.8,504.2,0.31475429096252233,56.309932474020215
162,2.72,3,car,0.44,598,430,682,505,640,505,79.37253933193772,640.0,504.6,0.2852618479233585,63.43494882291875
164,2.76,3,car,0.55,599,431,681,505,640,505,77.89736837660179,640.0,505.0,0.23606571822187458,90.0
166,2.79,3,car,0.55,599,432,681,505,640,505,77.3692445355388,640.0,505.2,0.19267500851908578,90.0
168,2.82,3,car,0.47,598,430,683,506,640,506,80.37412518964048,640.0,505.2,0.12846934910327093,
170,2.86,3,car,0.56,598,431,682,505,640,505,78.8416133777081,640.2,505.2,0.08564623273551238,
172,2.89,3,car,0.62,599,431,682,505,640,505,78.37091297158659,640.4,505.4,0.08564623273551238,
174,2.92,3,car,0.66,599,431,682,505,641,505,78.37091297158659,640.6,505.4,0.08506557361511444,
176,2.96,3,car,0.69,599,431,683,506,641,506,79.37253933193772,641.0,505.6,0.08506557361511444,
178,2.99,3,car,0.68,599,431,683,506,641,506,79.37253933193772,641.4,505.8,0.1203008878974887,
180,3.02,3,car,0.71,600,432,683,506,642,506,78.37091297158659,641.6,506.2,0.1418075989127348,
182,3.06,3,car,0.7,600,432,684,506,642,506,78.8416133777081,641.8,506.4,0.1418075989127348,
184,3.09,3,car,0.71,600,433,683,507,642,507,78.37091297158659,642.0,506.6,0.1418075989127348,
186,3.13,3,car,0.72,601,433,683,507,642,507,77.89736837660179,642.0,506.8,0.1195826672223905,
188,3.16,3,car,0.7,601,433,683,507,642,507,77.89736837660179,642.0,507.2,0.1195826672223905,
190,3.19,3,car,0.69,601,434,683,507,642,507,77.3692445355388,642.0,507.4,0.089687000416754,
192,3.23,3,car,0.6,600,434,684,508,642,508,78.8416133777081,642.2,507.8,0.1195826672223905,
194,3.26,3,car,0.59,600,433,685,508,642,508,79.84359711335657,642.4,508.2,0.14352654165989098,
196,3.29,3,car,0.58,600,433,686,509,643,509,80.84553172563095,642.6,508.6,0.170131147230178,63.43494882291875
198,3.33,3,car,0.59,600,434,685,509,643,509,79.84359711335657,642.6,509.0,0.14352654165989098,
200,3.36,3,car,0.6,600,434,685,509,643,509,79.84359711335657,642.6,509.4,0.1669931442893648,90.0
202,3.39,3,car,0.59,600,434,685,510,642,510,80.37412518964048,642.4,509.6,0.1669931442893648,135.0
204,3.43,3,car,0.6,600,434,685,510,642,510,80.37412518964048,642.2,509.8,0.12524485821702266,
206,3.46,3,car,0.61,600,434,685,510,642,510,80.37412518964048,642.0,510.0,0.11808198473870522,
208,3.49,3,car,0.68,600,434,685,510,642,510,80.37412518964048,642.0,510.0,0.1173025571796419,
210,3.53,3,car,0.65,600,434,685,510,642,510,80.37412518964048,642.0,510.0,0.08797691788470578,
212,3.56,3,car,0.65,600,434,685,510,642,510,80.37412518964048,642.0,509.8,0.08294543363223451,
214,3.6,3,car,0.64,600,434,685,510,642,510,80.37412518964048,642.2,509.8,0.06220907522419403,
216,3.63,3,car,0.62,600,434,685,509,642,509,79.84359711335657,642.6,509.8,0.06220907522419403,
218,3.66,3,car,0.65,601,434,686,510,643,510,80.37412518964048,643.0,509.8,0.08294543363223451,
220,3.7,3,car,0.67,602,435,686,510,644,510,79.37253933193772,643.4,509.8,0.12441815044835268,
222,3.73,3,car,0.67,602,435,686,510,644,510,79.37253933193772,643.8,510.0,0.16589086726446903,26.56505117707799
224,3.76,3,car,0.7,602,435,686,510,644,510,79.37253933193772,644.0,509.8,0.16589086726446903,-44.99999999999186
226,3.8,3,car,0.68,602,435,686,510,644,510,79.37253933193772,644.0,509.6,0.12441815044835268,
228,3.83,3,car,0.67,602,435,686,509,644,509,78.8416133777081,644.0,509.6,0.11878277418331064,
230,3.86,3,car,0.67,602,435,686,509,644,509,78.8416133777081,644.0,509.6,0.06299407883486757,
232,3.9,3,car,0.7,602,434,686,510,644,510,79.89993742175271,644.0,509.6,0.0,
234,3.93,3,car,0.72,602,434,686,510,644,510,79.89993742175271,644.0,509.8,0.0,
236,3.97,3,car,0.71,603,435,686,510,644,510,78.8986691902975,644.0,510.0,0.0,
238,4.0,3,car,0.71,603,435,686,510,644,510,78.8986691902975,644.0,510.0,0.0,
240,4.03,3,car,0.7,603,435,686,510,644,510,78.8986691902975,644.0,510.0,0.0,
0,0.0,4,car,0.45,467,386,524,455,496,455,62.71363488110062,496.0,457.3333333333333,,
2,0.03,4,car,0.41,468,389,524,457,496,457,61.70899448216605,496.0,458.25,0.49115752836802073,90.0
4,0.07,4,car,0.42,468,391,524,460,496,460,62.161081071680215,496.0,459.2,0.4366146952725698,90.0
6,0.1,4,car,0.42,468,392,525,461,496,461,62.71363488110062,496.0,461.6,0.49115752836802073,90.0
8,0.13,4,car,0.54,468,396,523,463,496,463,60.70420084310476,496.0,463.8,0.8354440952644786,90.0
10,0.17,4,car,0.56,468,400,524,467,496,467,61.25357132445422,496.0,466.2,0.9723055853282372,90.0
12,0.2,4,car,0.57,468,401,524,468,496,468,61.25357132445422,496.2,469.0,1.1797306621609365,85.91438322002537
14,0.24,4,car,0.56,467,403,526,472,496,472,63.80438856379708,496.4,471.6,1.1797306621609365,85.60129464500476
16,0.27,4,car,0.57,467,406,526,475,497,475,63.80438856379708,496.6,473.8,1.1797306621609365,84.805571092264
18,0.3,4,car,0.57,467,407,526,476,497,476,63.80438856379708,496.8,476.2,1.2021460711986909,85.23635830927405
20,0.34,4,car,0.58,467,409,527,478,497,478,64.34283176858165,497.2,478.0,1.2021460711986909,77.47119229084926
22,0.37,4,car,0.57,466,410,528,480,497,480,65.87867636800242,497.4,480.0,1.0642975200043643,84.28940686250068
24,0.4,4,car,0.5,467,412,528,481,498,481,64.87680633323437,497.6,482.6,1.2021460711986909,85.6012946450035
26,0.44,4,car,0.59,466,414,530,485,498,485,67.40919818541087,497.8,485.0,1.0500715125650195,85.23635830927405
28,0.47,4,car,0.62,465,416,531,489,498,489,69.4118145563131,498.0,487.6,1.0500715125650195,85.60129464500476
30,0.5,4,car,0.61,465,417,531,490,498,490,69.4118145563131,498.0,491.0,1.319436022825967,90.0
32,0.54,4,car,0.6,464,419,532,493,498,493,70.9365914038728,498.0,494.0,1.319436022825967,90.0
34,0.57,4,car,0.56,464,424,533,498,498,498,71.45628033979938,498.2,496.8,1.319436022825967,85.91438322002537
36,0.6,4,car,0.56,464,426,533,500,498,500,71.45628033979938,498.6,500.0,1.3480576217305962,82.87498365109758
38,0.64,4,car,0.57,464,428,534,503,499,503,72.4568837309472,499.0,503.0,1.3480576217305962,82.40535663140898
40,0.67,4,car,0.72,464,432,536,506,500,506,72.99315036357864,499.8,505.4,1.1801258597585833,71.56505117707758
42,0.71,4,car,0.72,464,433,536,508,500,508,73.48469228349535,500.8,508.0,1.1801258597585833,68.96248897457835
44,0.74,4,car,0.74,465,435,538,510,502,510,73.9932429347437,501.8,510.8,1.1801258597585833,70.34617594194677
46,0.77,4,car,0.64,466,437,540,513,503,513,74.9933330370107,502.6,513.8,1.1801258597585833,75.06858282186198
48,0.81,4,car,0.59,466,440,541,517,504,517,75.99342076785332,503.6,517.2,1.1974096852531166,73.61045966596564
50,0.84,4,car,0.61,466,444,542,521,504,521,76.49836599562111,504.4,520.6,1.3577592484838834,76.75948008481343
52,0.87,4,car,0.56,467,448,543,525,505,525,76.49836599562111,505.2,523.8,1.408381729024534,75.96375653207305
54,0.91,4,car,0.6,467,449,545,527,506,527,78.0,506.2,527.6,1.408381729024534,75.25643716352953
56,0.94,4,car,0.65,468,450,546,529,507,529,78.49840762716146,507.2,531.0,1.4468289785990633,73.61045966596512
58,0.97,4,car,0.7,468,454,549,536,509,536,81.49846624323675,508.2,534.6,1.5442634986202288,74.47588900324584
60,1.01,4,car,0.7,468,455,551,538,509,538,83.0,509.0,538.6,1.4468289785990633,78.69006752597964
62,1.04,4,car,0.72,467,457,553,543,510,543,86.0,509.6,542.6,1.5442634986202288,81.46923439005155
64,1.08,4,car,0.71,467,460,554,547,510,547,87.0,510.0,545.8,1.5442634986202288,82.87498365109846
66,1.11,4,car,0.71,467,461,554,549,510,549,87.49857141690943,510.8,550.2,1.5967129651512393,79.69515353123404
68,1.14,4,car,0.72,467,465,554,552,511,552,87.0,511.4,554.2,1.5497125223108654,81.46923439005235
70,1.18,4,car,0.79,467,470,558,560,513,560,90.49861877399013,512.4,558.2,1.5497125223108654,75.96375653207353
72,1.21,4,car,0.79,467,472,559,563,513,563,91.49863386958299,513.4,562.8,1.5497125223108654,77.73522627210737
74,1.24,4,car,0.77,468,475,561,567,515,567,92.49864863877742,514.4,567.2,1.6619795713273773,77.19573393471352
76,1.28,4,car,0.74,469,479,562,572,515,572,93.0,515.0,570.6,1.5497125223108654,79.99202019855824
78,1.31,4,car,0.74,469,481,563,574,516,574,93.4986630920464,516.0,575.2,1.6619795713273773,77.73522627210767
80,1.34,4,car,0.65,469,484,563,577,516,577,93.4986630920464,516.8,579.8,1.6734935526779209,80.13419305691599
82,1.38,4,car,0.71,469,489,568,586,518,586,97.99489782636645,518.0,584.2,1.6619795713273773,74.74488129694197
84,1.41,4,car,0.7,470,490,569,590,519,590,99.498743710662,519.2,589.2,1.6734935526779209,76.5042667192037
86,1.44,4,car,0.75,471,494,571,594,521,594,100.0,520.4,593.8,1.6734935526779209,75.37912601136887
88,1.48,4,car,0.7,472,498,573,599,522,599,101.0,521.4,598.0,1.6170725330432056,76.60750224624904
90,1.51,4,car,0.7,471,500,573,600,522,600,100.99504938362078,522.8,604.0,1.6170725330432056,76.86597769360388
92,1.55,4,car,0.76,470,502,576,607,523,607,105.49881515922347,524.2,610.0,1.6170725330432056,76.86597769360286
94,1.58,4,car,0.75,471,509,582,620,526,620,111.0,526.0,616.2,1.6170725330432056,73.81079374297356
96,1.61,4,car,0.75,471,512,584,624,528,624,112.49888888340186,528.0,623.4,2.053722906766578,74.47588900324561
98,1.65,4,car,0.73,474,516,588,630,531,630,114.0,529.6,630.8,2.053722906766578,77.79953127261902
100,1.68,4,car,0.63,474,520,590,636,532,636,116.0,530.6,637.0,1.8607968634404428,80.83765295427835
102,1.71,4,car,0.55,469,521,592,644,531,644,123.0,531.4,642.8,1.8607968634404428,82.14668669802217
104,1.75,4,car,0.47,470,529,593,651,531,651,122.49897958758677,532.8,648.8,1.7119627097431938,76.86597769360388
106,1.78,4,car,0.48,470,532,594,653,532,653,122.49081598226049,534.8,655.2,1.7119627097431938,72.64597536373891
108,1.81,4,car,0.62,476,538,600,660,538,660,122.99593489217439,537.4,662.0,1.8246869617466497,69.07549825507854
110,1.85,4,car,0.49,478,542,606,668,542,668,126.99606293110035,540.4,669.4,1.7119627097431938,67.93210043758972
112,1.88,4,car,0.62,479,548,610,678,544,678,130.49904214207857,544.0,678.2,1.8246869617466497,67.75097634278767
114,1.92,4,car,0.6,478,554,613,688,546,688,134.49907062875937,546.8,686.4,1.8246869617466497,71.14684123558104
116,1.95,4,car,0.61,481,560,619,697,550,697,137.49909090608563,549.2,694.6,1.9809987843137362,73.68614757373895
118,1.98,4,car,0.61,483,562,621,701,552,701,138.49909746998352,551.8,702.4,2.037665112480375,71.56505117707849
120,2.02,4,car,0.67,484,566,625,709,554,709,141.99647882958226,554.8,710.4,2.037665112480375,69.44395478041653
122,2.05,4,car,0.62,487,575,627,717,557,717,140.99645385611655,557.4,718.6,2.037665112480375,72.40757543781835
124,2.08,4,car,0.74,490,584,631,728,561,728,142.492105044455,559.6,728.2,2.070368549731786,77.09259132873393
126,2.12,4,car,0.77,492,592,634,738,563,738,143.98611044125056,561.4,738.4,2.037665112480375,79.99202019855885
128,2.15,4,car,0.56,492,600,634,749,563,749,145.45789768864392,562.6,747.8,2.070368549731786,82.72499504211045
130,2.18,4,car,0.53,491,609,634,760,563,760,146.94556815365343,563.4,758.8,2.2167979504149415,85.8403577062876
132,2.22,4,car,0.54,491,612,634,764,563,764,147.4313399518569,563.2,771.6,2.2167979504149415,90.89517371021077
136,2.29,4,car,0.63,493,628,636,783,565,783,148.87914561818255,562.2,784.2,2.200217830737233,94.53777250790665
140,2.35,4,car,0.62,488,642,636,802,562,802,153.88307249337075,561.0,795.4,2.200217830737233,96.11550356628568
142,2.39,4,car,0.55,484,649,633,812,558,812,155.8428695834365,559.2,807.4,2.0376005315099084,98.53076560994792
144,2.42,4,car,0.54,482,652,632,816,557,816,156.8438714135812,556.6,818.6,2.0376005315099084,103.06931789628224
146,2.45,4,car,0.75,478,657,631,824,554,824,159.84680165708664,554.0,828.2,2.0376005315099084,105.15406805031269
148,2.49,4,car,0.83,473,667,630,839,552,839,164.32893841317176,551.8,838.6,2.0376005315099084,101.9441771884466
150,2.52,4,car,0.78,470,675,628,850,549,850,166.2828914831589,549.6,849.2,2.127325092235534,101.7251120151647
152,2.55,4,car,0.82,465,682,628,864,547,864,172.23820714347906,548.2,860.0,2.2090576006091722,97.38604315126719
154,2.59,4,car,0.82,464,685,627,869,546,869,173.18198520631412,546.8,870.4,2.127325092235534,97.66680426181469
156,2.62,4,car,0.79,466,693,628,878,547,878,173.11845655504212,546.0,881.2,2.0958549743695647,94.23639479905859
158,2.65,4,car,0.81,462,702,628,891,545,891,177.12707302950614,545.2,892.6,2.20042698491748,94.01417569541081
160,2.69,4,car,0.82,461,711,628,904,545,904,179.52994179244865,544.2,905.6,2.0958549743695647,94.39870535499554
162,2.72,4,car,0.84,458,722,628,921,543,921,183.92933425639316,542.8,917.8,2.0958549743695647,96.5462907832945
164,2.76,4,car,0.82,455,733,627,934,541,934,185.93547267802344,541.6,929.6,2.0958549743695647,95.80672690553122
166,2.79,4,car,0.81,455,737,626,939,540,939,185.85478202080247,540.2,942.0,2.20042698491748,96.44160009933493
168,2.82,4,car,0.79,452,743,626,950,539,950,189.78408784721654,538.6,953.8,2.1357141290290733,97.72182580013111
170,2.86,4,car,0.84,449,753,627,966,538,966,194.7151766041877,537.2,966.6,2.1357141290290733,96.24191434741492
172,2.89,4,car,0.84,445,763,625,980,535,980,197.63602910400724,535.8,982.0,2.1357141290290733,95.19442890773514
174,2.92,4,car,0.77,441,773,626,998,534,998,204.02205763103166,534.6,996.6,2.261517454025747,94.69868051729918
176,2.96,4,car,0.75,439,785,627,1016,533,1016,208.39385787493833,533.6,1009.8,2.1357141290290733,94.33231398318854
178,2.99,4,car,0.75,439,789,627,1023,533,1023,209.7426995153824,532.8,1023.6,2.2584435423318725,93.3177811683351
180,3.02,4,car,0.8,439,798,627,1032,533,1032,209.7426995153824,532.0,1038.2,2.3388247507631164,93.13635836833241
182,3.06,4,car,0.72,435,809,627,1049,531,1049,214.66252583997982,531.2,1054.2,2.2584435423318725,92.86240522611159
184,3.09,4,car,0.81,431,821,629,1071,530,1071,222.48595461286988,530.6,1071.2,2.2584435423318725,92.0213649403561
186,3.13,4,car,0.8,425,832,632,1096,529,1096,233.76911686533788,530.0,1087.4,2.2584435423318725,92.12109639666153
188,3.16,4,car,0.75,427,845,632,1108,530,1108,232.1960378645596,530.0,1104.4,2.3388247507631164,90.0
190,3.19,4,car,0.75,428,850,632,1113,530,1113,231.62901372669185,530.4,1121.8,2.5046656596609607,88.68308759420681
192,3.23,4,car,0.83,425,859,638,1134,531,1134,242.02272620561897,532.0,1138.8,2.5046656596609607,84.62329457194919
194,3.26,4,car,0.84,422,871,641,1158,532,1158,250.70500593326813,534.0,1158.2,2.5046656596609607,84.11401216697176
196,3.29,4,car,0.84,424,884,649,1181,537,1181,258.5053190942113,536.6,1181.8,2.546977258194449,83.71310663826345
198,3.33,4,car,0.77,426,900,655,1205,540,1205,264.2820463065927,540.2,1204.2,2.5046656596609607,80.8698235177213
200,3.36,4,car,0.78,427,916,660,1231,543,1231,270.9151158573475,544.0,1221.8,2.321751671180533,77.8163434140127
202,3.39,4,car,0.8,434,933,664,1246,549,1246,268.30952275310693,547.8,1234.8,2.321751671180533,73.70595254340127
204,3.43,4,car,0.8,437,940,665,1246,551,1246,264.13632843666164,551.8,1243.0,2.2623642251900744,63.996654155488685
206,3.46,4,car,0.8,446,955,666,1246,556,1246,253.0217381965431,556.2,1246.0,1.7082762591393408,34.286876977208415
208,3.49,4,car,0.88,453,965,667,1246,560,1246,245.2223480843457,560.6,1246.0,0.8630548224775564,0.0
210,3.53,4,car,0.84,462,979,668,1246,565,1246,234.52505196673553,565.2,1246.0,0.6716827541764299,0.0
212,3.56,4,car,0.81,471,994,672,1246,571,1246,225.05999200213262,568.6,1246.0,0.5552688171851927,0.0
214,3.6,4,car,0.81,473,998,674,1246,574,1246,223.26665671344657,572.6,1246.0,0.4621655987665119,0.0
216,3.63,4,car,0.57,484,1034,662,1246,573,1246,194.25756098540927,576.6,1246.0,0.4621655987665119,0.0
220,3.7,4,car,0.4,510,1092,650,1246,580,1246,146.83323874382123,580.0,1246.0,0.4545064025711168,0.0
222,3.73,4,car,0.54,500,1063,670,1246,585,1246,176.38027100557477,581.5,1246.0,0.42639368016933077,0.0
224,3.76,4,car,0.42,508,1085,668,1246,588,1246,160.49922118191103,584.3333333333334,1246.0,0.42639368016933077,0.0
