frame,time_s,id,class,conf,x1,y1,x2,y2,cx,cy
0,0.0,1,car,0.58,1474,618,1729,724,1601,724
0,0.0,2,car,0.57,638,467,738,542,688,542
0,0.0,3,car,0.5,585,407,655,465,620,465
0,0.0,4,car,0.45,467,386,524,455,496,455
2,0.03,1,car,0.53,1464,617,1718,723,1591,723
2,0.03,2,car,0.52,638,467,739,543,688,543
2,0.03,3,car,0.45,585,407,655,465,620,465
2,0.03,4,car,0.41,468,389,524,457,496,457
4,0.07,1,car,0.66,1435,615,1695,723,1565,723
4,0.07,2,car,0.54,639,467,740,543,689,543
4,0.07,3,car,0.48,585,407,655,465,620,465
4,0.07,4,car,0.42,468,391,524,460,496,460
6,0.1,1,car,0.66,1425,614,1688,724,1557,724
6,0.1,2,car,0.54,639,468,740,543,690,543
6,0.1,3,car,0.48,585,406,655,465,620,465
6,0.1,4,car,0.42,468,392,525,461,496,461
8,0.13,1,car,0.7,1420,614,1678,721,1549,721
8,0.13,2,car,0.51,640,468,741,544,690,544
8,0.13,3,car,0.51,585,406,655,465,620,465
8,0.13,4,car,0.54,468,396,523,463,496,463
10,0.17,1,car,0.69,1407,612,1656,714,1532,714
10,0.17,2,car,0.56,640,468,743,546,691,546
10,0.17,3,car,0.41,585,407,656,465,620,465
10,0.17,4,car,0.56,468,400,524,467,496,467
12,0.2,1,car,0.69,1403,611,1650,712,1526,712
12,0.2,2,car,0.56,640,469,744,546,692,546
12,0.2,3,car,0.42,585,407,656,465,621,465
12,0.2,4,car,0.57,468,401,524,468,496,468
14,0.24,1,car,0.7,1393,612,1638,711,1516,711
14,0.24,2,car,0.6,641,469,745,547,693,547
14,0.24,3,car,0.46,585,407,656,465,621,465
14,0.24,4,car,0.56,467,403,526,472,496,472
16,0.27,1,car,0.74,1379,612,1628,713,1504,713
16,0.27,2,car,0.73,642,470,745,547,694,547
16,0.27,3,car,0.47,585,407,656,466,621,466
16,0.27,4,car,0.57,467,406,526,475,497,475
18,0.3,1,car,0.74,1374,612,1625,714,1500,714
18,0.3,2,car,0.73,643,470,745,547,694,547
18,0.3,3,car,0.47,585,407,657,467,621,467
18,0.3,4,car,0.57,467,407,526,476,497,476
20,0.34,1,car,0.82,1363,612,1616,714,1489,714
20,0.34,2,car,0.75,643,470,746,547,694,547
20,0.34,3,car,0.48,585,406,658,467,621,467
20,0.34,4,car,0.58,467,409,527,478,497,478
22,0.37,1,car,0.83,1350,611,1606,715,1478,715
22,0.37,2,car,0.75,642,470,747,549,694,549
22,0.37,3,car,0.46,585,407,658,468,622,468
22,0.37,4,car,0.57,466,410,528,480,497,480
24,0.4,1,car,0.77,1339,613,1591,715,1465,715
24,0.4,2,car,0.74,643,471,749,550,696,550
24,0.4,3,car,0.35,587,407,659,468,623,468
24,0.4,4,car,0.5,467,412,528,481,498,481
26,0.44,1,car,0.86,1323,611,1575,714,1449,714
26,0.44,2,car,0.8,644,472,750,551,697,551
26,0.44,3,car,0.43,588,407,659,468,624,468
26,0.44,4,car,0.59,466,414,530,485,498,485
28,0.47,1,car,0.85,1310,612,1562,714,1436,714
28,0.47,2,car,0.8,645,474,751,552,698,552
28,0.47,3,car,0.44,588,407,660,468,624,468
28,0.47,4,car,0.62,465,416,531,489,498,489
30,0.5,1,car,0.85,1306,612,1558,714,1432,714
30,0.5,2,car,0.8,646,474,751,553,698,553
30,0.5,3,car,0.45,589,407,660,468,624,468
30,0.5,4,car,0.61,465,417,531,490,498,490
32,0.54,1,car,0.85,1294,611,1548,714,1421,714
32,0.54,2,car,0.72,647,475,752,554,699,554
32,0.54,3,car,0.4,589,407,660,469,624,469
32,0.54,4,car,0.6,464,419,532,493,498,493
34,0.57,1,car,0.86,1270,610,1528,715,1399,715
34,0.57,2,car,0.63,648,477,753,555,701,555
34,0.57,4,car,0.56,464,424,533,498,498,498
36,0.6,1,car,0.86,1261,610,1520,715,1391,715
36,0.6,2,car,0.63,649,478,753,556,701,556
36,0.6,4,car,0.56,464,426,533,500,498,500
38,0.64,1,car,0.85,1249,610,1508,715,1378,715
38,0.64,2,car,0.68,649,479,755,558,702,558
38,0.64,4,car,0.57,464,428,534,503,499,503
40,0.67,1,car,0.63,1234,610,1494,716,1364,716
40,0.67,2,car,0.61,650,481,756,560,703,560
40,0.67,4,car,0.72,464,432,536,506,500,506
42,0.71,1,car,0.63,1229,610,1489,717,1359,717
42,0.71,2,car,0.61,650,481,757,561,703,561
42,0.71,4,car,0.72,464,433,536,508,500,508
44,0.74,1,car,0.79,1216,610,1477,717,1347,717
44,0.74,2,car,0.61,649,482,759,564,704,564
44,0.74,4,car,0.74,465,435,538,510,502,510
44,0.74,3,car,0.44,590,409,661,471,626,471
46,0.77,1,car,0.78,1203,610,1464,717,1333,717
46,0.77,2,car,0.61,649,483,761,567,705,567
46,0.77,4,car,0.64,466,437,540,513,503,513
46,0.77,3,car,0.42,592,411,663,473,627,473
48,0.81,1,car,0.64,1188,611,1450,718,1319,718
48,0.81,2,car,0.57,650,485,763,569,706,569
48,0.81,4,car,0.59,466,440,541,517,504,517
48,0.81,3,car,0.43,593,412,664,474,628,474
50,0.84,1,car,0.77,1174,611,1434,718,1304,718
50,0.84,2,car,0.52,650,485,764,571,707,571
50,0.84,4,car,0.61,466,444,542,521,504,521
50,0.84,3,car,0.44,594,412,665,475,629,475
52,0.87,1,car,0.7,1155,612,1415,718,1285,718
52,0.87,2,car,0.51,652,487,765,573,708,573
52,0.87,4,car,0.56,467,448,543,525,505,525
52,0.87,3,car,0.43,595,413,665,475,630,475
54,0.91,1,car,0.67,1148,612,1410,718,1279,718
54,0.91,2,car,0.54,653,488,765,573,709,573
54,0.91,4,car,0.6,467,449,545,527,506,527
54,0.91,3,car,0.41,596,414,664,475,630,475
56,0.94,1,car,0.67,1134,612,1397,719,1266,719
56,0.94,2,car,0.63,655,489,765,573,710,573
56,0.94,4,car,0.65,468,450,546,529,507,529
56,0.94,3,car,0.42,596,415,664,476,630,476
58,0.97,1,car,0.78,1102,612,1373,721,1237,721
58,0.97,2,car,0.71,655,490,766,575,711,575
58,0.97,4,car,0.7,468,454,549,536,509,536
58,0.97,3,car,0.39,595,414,664,477,630,477
60,1.01,1,car,0.77,1090,612,1365,722,1227,722
60,1.01,2,car,0.71,656,491,767,576,711,576
60,1.01,4,car,0.7,468,455,551,538,509,538
60,1.01,3,car,0.39,595,414,665,477,630,477
62,1.04,1,car,0.73,1070,612,1347,724,1209,724
62,1.04,2,car,0.74,656,491,768,577,712,577
62,1.04,4,car,0.72,467,457,553,543,510,543
62,1.04,3,car,0.36,595,414,665,477,630,477
64,1.08,1,car,0.77,1053,614,1332,725,1193,725
64,1.08,2,car,0.74,657,492,769,579,713,579
64,1.08,4,car,0.71,467,460,554,547,510,547
64,1.08,3,car,0.46,595,414,665,478,630,478
66,1.11,1,car,0.77,1047,614,1327,726,1187,726
66,1.11,2,car,0.74,657,492,769,579,713,579
66,1.11,4,car,0.71,467,461,554,549,510,549
66,1.11,3,car,0.46,596,414,665,478,630,478
68,1.14,1,car,0.82,1034,614,1316,726,1175,726
68,1.14,2,car,0.77,657,493,771,580,714,580
68,1.14,4,car,0.72,467,465,554,552,511,552
68,1.14,3,car,0.47,595,415,665,479,630,479
70,1.18,1,car,0.74,1007,616,1292,729,1149,729
70,1.18,2,car,0.75,659,494,774,583,716,583
70,1.18,4,car,0.79,467,470,558,560,513,560
70,1.18,3,car,0.51,596,415,666,480,631,480
72,1.21,1,car,0.74,997,617,1283,729,1140,729
72,1.21,2,car,0.75,660,495,775,584,717,584
72,1.21,4,car,0.79,467,472,559,563,513,563
72,1.21,3,car,0.5,597,415,666,480,631,480
74,1.24,1,car,0.76,988,616,1274,730,1131,730
74,1.24,2,car,0.73,661,496,776,585,718,585
74,1.24,4,car,0.77,468,475,561,567,515,567
74,1.24,3,car,0.5,596,415,666,481,631,481
76,1.28,1,car,0.74,970,617,1258,732,1114,732
76,1.28,2,car,0.72,662,497,778,587,720,587
76,1.28,4,car,0.74,469,479,562,572,515,572
76,1.28,3,car,0.48,596,416,665,481,630,481
78,1.31,1,car,0.73,963,618,1252,733,1108,733
78,1.31,2,car,0.72,662,497,779,587,721,587
78,1.31,4,car,0.74,469,481,563,574,516,574
78,1.31,3,car,0.47,595,416,664,481,630,481
80,1.34,1,car,0.82,949,619,1237,734,1093,734
80,1.34,2,car,0.73,663,498,780,589,722,589
80,1.34,4,car,0.65,469,484,563,577,516,577
80,1.34,3,car,0.46,596,416,665,481,630,481
82,1.38,1,car,0.81,921,620,1211,736,1066,736
82,1.38,2,car,0.61,664,499,783,592,723,592
82,1.38,4,car,0.71,469,489,568,586,518,586
82,1.38,3,car,0.55,595,417,664,482,630,482
84,1.41,1,car,0.81,911,621,1201,737,1056,737
84,1.41,2,car,0.61,664,499,784,593,724,593
84,1.41,4,car,0.7,470,490,569,590,519,590
84,1.41,3,car,0.54,595,418,664,482,630,482
86,1.44,1,car,0.82,896,623,1187,739,1041,739
86,1.44,2,car,0.69,664,500,785,596,725,596
86,1.44,4,car,0.75,471,494,571,594,521,594
86,1.44,3,car,0.6,594,418,663,483,629,483
88,1.48,1,car,0.8,878,624,1170,741,1024,741
88,1.48,2,car,0.74,665,501,787,598,726,598
88,1.48,4,car,0.7,472,498,573,599,522,599
88,1.48,3,car,0.61,593,418,663,483,628,483
90,1.51,1,car,0.8,872,625,1164,741,1018,741
90,1.51,2,car,0.74,665,501,787,598,726,598
90,1.51,4,car,0.7,471,500,573,600,522,600
90,1.51,3,car,0.62,592,418,663,483,627,483
92,1.55,1,car,0.83,860,626,1151,743,1005,743
92,1.55,2,car,0.68,666,502,788,600,727,600
92,1.55,4,car,0.76,470,502,576,607,523,607
92,1.55,3,car,0.61,591,418,664,484,627,484
94,1.58,1,car,0.86,830,628,1124,746,977,746
94,1.58,2,car,0.56,668,505,790,603,729,603
94,1.58,4,car,0.75,471,509,582,620,526,620
94,1.58,3,car,0.55,592,420,664,484,628,484
96,1.61,1,car,0.86,819,628,1114,747,967,747
96,1.61,2,car,0.56,669,506,791,604,730,604
96,1.61,4,car,0.75,471,512,584,624,528,624
96,1.61,3,car,0.55,592,420,664,485,628,485
98,1.65,1,car,0.88,804,630,1102,749,953,749
98,1.65,2,car,0.48,671,508,792,605,732,605
98,1.65,4,car,0.73,474,516,588,630,531,630
98,1.65,3,car,0.54,592,421,664,485,628,485
100,1.68,1,car,0.88,786,631,1086,752,936,752
100,1.68,2,car,0.43,671,509,794,607,733,607
100,1.68,4,car,0.63,474,520,590,636,532,636
100,1.68,3,car,0.49,594,422,665,486,629,486
102,1.71,1,car,0.89,769,631,1071,754,920,754
102,1.71,2,car,0.49,672,510,797,610,734,610
102,1.71,4,car,0.55,469,521,592,644,531,644
102,1.71,3,car,0.49,594,423,665,486,630,486
104,1.75,1,car,0.86,755,632,1056,755,905,755
104,1.75,2,car,0.48,672,511,799,613,736,613
104,1.75,4,car,0.47,470,529,593,651,531,651
104,1.75,3,car,0.47,595,423,666,487,630,487
106,1.78,1,car,0.86,750,632,1050,756,900,756
106,1.78,2,car,0.5,672,512,800,614,736,614
106,1.78,4,car,0.48,470,532,594,653,532,653
106,1.78,3,car,0.48,595,423,666,487,631,487
108,1.81,1,car,0.86,738,632,1037,756,888,756
108,1.81,2,car,0.58,672,512,802,616,737,616
108,1.81,4,car,0.62,476,538,600,660,538,660
108,1.81,3,car,0.49,594,423,667,488,631,488
110,1.85,1,car,0.86,722,633,1023,759,873,759
110,1.85,2,car,0.61,674,514,804,618,739,618
110,1.85,4,car,0.49,478,542,606,668,542,668
110,1.85,3,car,0.51,594,424,667,488,631,488
112,1.88,1,car,0.83,708,634,1009,761,858,761
112,1.88,2,car,0.58,676,516,806,620,741,620
112,1.88,4,car,0.62,479,548,610,678,544,678
112,1.88,3,car,0.45,595,424,669,489,632,489
114,1.92,1,car,0.78,693,634,995,762,844,762
114,1.92,4,car,0.6,478,554,613,688,546,688
116,1.95,1,car,0.84,678,636,979,764,828,764
116,1.95,4,car,0.61,481,560,619,697,550,697
116,1.95,2,car,0.48,678,519,809,622,744,622
116,1.95,3,car,0.35,599,426,671,490,635,490
118,1.98,1,car,0.84,673,636,973,765,823,765
118,1.98,4,car,0.61,483,562,621,701,552,701
118,1.98,2,car,0.48,679,519,809,623,744,623
118,1.98,3,car,0.35,600,426,672,490,636,490
120,2.02,1,car,0.8,663,638,962,767,812,767
120,2.02,4,car,0.67,484,566,625,709,554,709
120,2.02,2,car,0.42,677,520,810,625,744,625
122,2.05,1,car,0.81,650,639,950,768,800,768
122,2.05,4,car,0.62,487,575,627,717,557,717
124,2.08,1,car,0.82,637,639,937,770,787,770
124,2.08,4,car,0.74,490,584,631,728,561,728
124,2.08,2,car,0.53,679,523,813,629,746,629
126,2.12,1,car,0.85,623,639,927,773,775,773
126,2.12,4,car,0.77,492,592,634,738,563,738
126,2.12,2,car,0.5,679,526,815,635,747,635
128,2.15,1,car,0.77,611,641,914,774,762,774
128,2.15,4,car,0.56,492,600,634,749,563,749
128,2.15,2,car,0.41,683,528,819,637,751,637
130,2.18,1,car,0.84,601,642,902,776,752,776
130,2.18,4,car,0.53,491,609,634,760,563,760
132,2.22,1,car,0.84,599,642,897,776,748,776
132,2.22,4,car,0.54,491,612,634,764,563,764
134,2.25,1,truck,0.4,542,632,871,778,707,778
136,2.29,1,car,0.73,569,641,882,782,725,782
136,2.29,4,car,0.63,493,628,636,783,565,783
138,2.32,1,car,0.59,522,640,864,793,693,793
140,2.35,1,car,0.65,553,645,885,798,719,798
140,2.35,4,car,0.62,488,642,636,802,562,802
142,2.39,1,car,0.51,560,648,896,808,728,808
142,2.39,4,car,0.55,484,649,633,812,558,812
142,2.39,3,car,0.44,598,430,676,499,637,499
142,2.39,2,car,0.65,700,533,839,647,770,647
144,2.42,1,car,0.5,566,649,897,811,732,811
144,2.42,4,car,0.54,482,652,632,816,557,816
144,2.42,6,car,0.4,483,645,853,816,668,816
144,2.42,3,car,0.45,598,430,676,500,637,500
144,2.42,2,car,0.65,702,533,840,647,771,647
146,2.45,1,car,0.75,562,649,896,819,729,819
146,2.45,4,car,0.75,478,657,631,824,554,824
146,2.45,3,car,0.36,598,431,677,500,637,500
146,2.45,2,car,0.63,699,535,838,651,768,651
148,2.49,1,car,0.84,558,652,885,823,722,823
148,2.49,4,car,0.83,473,667,630,839,552,839
148,2.49,3,car,0.62,598,431,677,501,637,501
148,2.49,2,car,0.73,698,535,840,654,769,654
150,2.52,1,car,0.77,557,654,877,827,717,827
150,2.52,4,car,0.78,470,675,628,850,549,850
150,2.52,3,car,0.6,598,431,677,501,638,501
150,2.52,2,car,0.69,697,536,839,655,768,655
152,2.55,1,car,0.71,563,657,864,825,714,825
152,2.55,4,car,0.82,465,682,628,864,547,864
152,2.55,3,car,0.65,598,431,679,502,638,502
152,2.55,2,car,0.74,695,537,840,659,768,659
154,2.59,1,car,0.71,568,659,857,825,713,825
154,2.59,4,car,0.82,464,685,627,869,546,869
154,2.59,3,car,0.65,598,430,679,502,638,502
154,2.59,2,car,0.74,694,537,841,661,767,661
156,2.62,1,car,0.77,567,660,855,832,711,832
156,2.62,4,car,0.79,466,693,628,878,547,878
156,2.62,3,car,0.55,598,431,679,503,639,503
156,2.62,2,car,0.71,698,537,844,661,771,661
158,2.65,1,car,0.79,563,662,853,841,708,841
158,2.65,4,car,0.81,462,702,628,891,545,891
158,2.65,3,car,0.67,598,431,681,504,640,504
158,2.65,2,car,0.73,700,538,846,662,773,662
160,2.69,1,car,0.77,563,665,846,845,705,845
160,2.69,4,car,0.82,461,711,628,904,545,904
160,2.69,3,car,0.69,599,431,681,504,640,504
160,2.69,2,car,0.77,699,538,845,662,772,662
162,2.72,1,car,0.76,567,667,835,843,701,843
162,2.72,4,car,0.84,458,722,628,921,543,921
162,2.72,3,car,0.44,598,430,682,505,640,505
162,2.72,2,car,0.69,700,538,846,662,773,662
164,2.76,1,car,0.78,564,668,830,849,697,849
164,2.76,4,car,0.82,455,733,627,934,541,934
164,2.76,3,car,0.55,599,431,681,505,640,505
164,2.76,2,car,0.73,700,537,849,663,775,663
166,2.79,1,car,0.78,565,668,826,851,696,851
166,2.79,4,car,0.81,455,737,626,939,540,939
166,2.79,3,car,0.55,599,432,681,505,640,505
166,2.79,2,car,0.72,700,536,850,663,775,663
168,2.82,1,car,0.83,562,670,826,860,694,860
168,2.82,4,car,0.79,452,743,626,950,539,950
168,2.82,3,car,0.47,598,430,683,506,640,506
168,2.82,2,car,0.63,701,535,853,663,777,663
170,2.86,1,car,0.82,561,671,825,867,693,867
170,2.86,4,car,0.84,449,753,627,966,538,966
170,2.86,3,car,0.56,598,431,682,505,640,505
170,2.86,2,car,0.62,699,536,852,664,776,664
172,2.89,1,car,0.8,560,672,823,874,692,874
172,2.89,4,car,0.84,445,763,625,980,535,980
172,2.89,3,car,0.62,599,431,682,505,640,505
172,2.89,2,car,0.66,699,536,852,664,775,664
174,2.92,1,car,0.64,565,673,816,870,691,870
174,2.92,4,car,0.77,441,773,626,998,534,998
174,2.92,3,car,0.66,599,431,682,505,641,505
174,2.92,2,car,0.61,702,540,851,664,776,664
176,2.96,1,car,0.54,578,674,802,852,690,852
176,2.96,4,car,0.75,439,785,627,1016,533,1016
176,2.96,3,car,0.69,599,431,683,506,641,506
176,2.96,2,car,0.65,701,539,853,665,777,665
178,2.99,1,car,0.54,583,675,796,846,690,846
178,2.99,4,car,0.75,439,789,627,1023,533,1023
178,2.99,3,car,0.68,599,431,683,506,641,506
178,2.99,2,car,0.64,701,539,854,665,777,665
180,3.02,1,car,0.7,588,675,790,838,689,838
180,3.02,4,car,0.8,439,798,627,1032,533,1032
180,3.02,3,car,0.71,600,432,683,506,642,506
180,3.02,2,car,0.65,702,541,853,664,777,664
182,3.06,1,car,0.68,588,677,785,836,687,836
182,3.06,4,car,0.72,435,809,627,1049,531,1049
182,3.06,3,car,0.7,600,432,684,506,642,506
182,3.06,2,car,0.61,702,541,854,664,778,664
184,3.09,1,car,0.65,585,678,783,839,684,839
184,3.09,4,car,0.81,431,821,629,1071,530,1071
184,3.09,3,car,0.71,600,433,683,507,642,507
184,3.09,2,car,0.59,702,542,854,664,778,664
186,3.13,1,car,0.77,584,678,781,840,683,840
186,3.13,4,car,0.8,425,832,632,1096,529,1096
186,3.13,3,car,0.72,601,433,683,507,642,507
186,3.13,2,car,0.59,705,544,857,666,781,666
188,3.16,1,car,0.78,583,678,781,841,682,841
188,3.16,4,car,0.75,427,845,632,1108,530,1108
188,3.16,3,car,0.7,601,433,683,507,642,507
188,3.16,2,car,0.6,699,537,859,666,779,666
190,3.19,1,car,0.78,583,678,780,841,682,841
190,3.19,4,car,0.75,428,850,632,1113,530,1113
190,3.19,3,car,0.69,601,434,683,507,642,507
190,3.19,2,car,0.6,697,535,860,666,779,666
192,3.23,1,car,0.8,582,679,780,843,681,843
192,3.23,4,car,0.83,425,859,638,1134,531,1134
192,3.23,3,car,0.6,600,434,684,508,642,508
192,3.23,2,car,0.55,704,539,863,667,783,667
194,3.26,1,car,0.81,581,679,777,843,679,843
194,3.26,4,car,0.84,422,871,641,1158,532,1158
194,3.26,3,car,0.59,600,433,685,508,642,508
194,3.26,2,car,0.57,702,534,867,667,785,667
196,3.29,1,car,0.83,580,680,777,845,679,845
196,3.29,4,car,0.84,424,884,649,1181,537,1181
196,3.29,3,car,0.58,600,433,686,509,643,509
196,3.29,2,car,0.61,703,531,871,668,787,668
198,3.33,1,car,0.81,580,680,777,846,678,846
198,3.33,4,car,0.77,426,900,655,1205,540,1205
198,3.33,3,car,0.59,600,434,685,509,643,509
198,3.33,2,car,0.58,703,530,872,669,788,669
200,3.36,1,car,0.81,580,680,776,847,678,847
200,3.36,4,car,0.78,427,916,660,1231,543,1231
200,3.36,3,car,0.6,600,434,685,509,643,509
200,3.36,2,car,0.6,704,529,874,670,789,670
202,3.39,1,car,0.81,580,680,777,848,679,848
202,3.39,4,car,0.8,434,933,664,1246,549,1246
202,3.39,3,car,0.59,600,434,685,510,642,510
202,3.39,2,car,0.66,704,528,873,670,789,670
204,3.43,1,car,0.81,580,680,777,849,679,849
204,3.43,4,car,0.8,437,940,665,1246,551,1246
204,3.43,3,car,0.6,600,434,685,510,642,510
204,3.43,2,car,0.65,704,528,873,670,789,670
206,3.46,1,car,0.81,580,680,778,850,679,850
206,3.46,4,car,0.8,446,955,666,1246,556,1246
206,3.46,3,car,0.61,600,434,685,510,642,510
206,3.46,2,car,0.69,706,528,875,670,790,670
208,3.49,1,car,0.84,581,681,777,849,679,849
208,3.49,4,car,0.88,453,965,667,1246,560,1246
208,3.49,3,car,0.68,600,434,685,510,642,510
208,3.49,2,car,0.74,708,528,875,671,792,671
210,3.53,1,car,0.85,582,681,776,849,679,849
210,3.53,4,car,0.84,462,979,668,1246,565,1246
210,3.53,3,car,0.65,600,434,685,510,642,510
210,3.53,2,car,0.73,708,528,876,672,792,672
212,3.56,1,car,0.84,582,680,776,849,679,849
212,3.56,4,car,0.81,471,994,672,1246,571,1246
212,3.56,3,car,0.65,600,434,685,510,642,510
212,3.56,2,car,0.72,710,528,878,673,794,673
214,3.6,1,car,0.84,582,680,776,849,679,849
214,3.6,4,car,0.81,473,998,674,1246,574,1246
214,3.6,3,car,0.64,600,434,685,510,642,510
214,3.6,2,car,0.72,710,528,878,674,794,674
216,3.63,1,car,0.82,582,680,775,849,678,849
216,3.63,4,car,0.57,484,1034,662,1246,573,1246
216,3.63,3,car,0.62,600,434,685,509,642,509
216,3.63,2,car,0.69,710,528,878,674,794,674
218,3.66,1,car,0.82,582,680,775,849,678,849
218,3.66,3,car,0.65,601,434,686,510,643,510
218,3.66,2,car,0.69,711,528,879,675,795,675
220,3.7,1,car,0.83,582,681,774,849,678,849
220,3.7,3,car,0.67,602,435,686,510,644,510
220,3.7,2,car,0.71,712,529,877,674,795,674
220,3.7,4,car,0.4,510,1092,650,1246,580,1246
222,3.73,1,car,0.82,582,681,774,850,678,850
222,3.73,3,car,0.67,602,435,686,510,644,510
222,3.73,2,car,0.7,711,529,877,674,794,674
222,3.73,4,car,0.54,500,1063,670,1246,585,1246
224,3.76,1,car,0.83,583,682,775,851,679,851
224,3.76,3,car,0.7,602,435,686,510,644,510
224,3.76,2,car,0.71,710,529,876,674,793,674
224,3.76,4,car,0.42,508,1085,668,1246,588,1246
226,3.8,1,car,0.82,582,682,775,851,679,851
226,3.8,3,car,0.68,602,435,686,510,644,510
226,3.8,2,car,0.71,709,529,875,674,792,674
228,3.83,1,car,0.82,582,682,775,851,679,851
228,3.83,3,car,0.67,602,435,686,509,644,509
228,3.83,2,car,0.71,708,529,875,674,792,674
230,3.86,1,car,0.82,583,682,774,851,679,851
230,3.86,3,car,0.67,602,435,686,509,644,509
230,3.86,2,car,0.71,708,529,875,674,792,674
232,3.9,1,car,0.82,583,682,775,852,679,852
232,3.9,3,car,0.7,602,434,686,510,644,510
232,3.9,2,car,0.71,708,529,876,674,792,674
234,3.93,1,car,0.81,583,682,775,852,679,852
234,3.93,3,car,0.72,602,434,686,510,644,510
234,3.93,2,car,0.72,708,530,876,674,792,674
236,3.97,1,car,0.83,582,681,776,853,679,853
236,3.97,3,car,0.71,603,435,686,510,644,510
236,3.97,2,car,0.7,708,530,876,675,792,675
238,4.0,1,car,0.83,582,680,776,853,679,853
238,4.0,3,car,0.71,603,435,686,510,644,510
238,4.0,2,car,0.7,708,531,876,675,792,675
240,4.03,1,car,0.83,582,680,776,853,679,853
240,4.03,3,car,0.7,603,435,686,510,644,510
240,4.03,2,car,0.67,709,532,876,675,793,675
